<?xml version="1.0" encoding="UTF-8"?>
<project-private xmlns="http://www.netbeans.org/ns/project-private/1">
    <editor-bookmarks xmlns="http://www.netbeans.org/ns/editor-bookmarks/2" lastBookmarkId="0"/>
    <open-files xmlns="http://www.netbeans.org/ns/projectui-open-files/2">
        <group>
            <file>file:/C:/Users/figgl_000/Documents/NetBeansProjects/SWENG%20411/M4%20-%20AGILE%20PRACTICE/AgilePracticing/src/LineDrawing/LiningPanel.java</file>
            <file>file:/C:/Users/figgl_000/Documents/NetBeansProjects/SWENG%20411/M4%20-%20AGILE%20PRACTICE/AgilePracticing/src/LineDrawing/LineDrawingTest.java</file>
        </group>
    </open-files>
</project-private>
